Depth,N,C,S,SiO2bio,SiO2ter,OM,MM,CaCO3,TOC,TOC_N,microcharcoal,P,Na,K,Ca,Mg,Fe,Mn,Cu,Zn ,Fe_Mn,Na_K,Cu_Zn,Ca_Fe,Fe_S,erosion,Ca_Mg,TOCS,Fe_P
0.0000,2.7271,36.0308,0.9297,4.7400,14.9536,71.8464,28.1536,8.4600,35.6462,15.2496,23008.0000,1.1379,0.2282,3.7959,18.9764,3.9045,12.4795,0.0719,19.8265,157.8598,173.6256,0.0601,0.1256,1.5206,1.3423,0.4178,4.8601,38.3408,10.9673
0.0200,2.2507,31.2118,0.7653,4.1200,29.8495,61.7994,38.2006,4.2311,31.2118,16.1791,20123.0000,1.2712,0.2787,4.1221,16.2234,4.4420,13.7827,0.0688,19.7287,152.4398,200.4405,0.0676,0.1294,1.1771,1.8010,0.5451,3.6523,40.7853,10.8423
0.0400,1.8981,26.8768,0.6445,4.3400,37.4964,55.4636,44.5364,2.7000,26.6776,16.3973,27656.0000,1.6384,0.3509,5.4318,14.7125,5.2725,14.1782,0.0665,19.0367,174.4057,213.3424,0.0646,0.1092,1.0377,2.1998,0.7514,2.7905,41.3917,8.6536
0.0600,2.0397,28.8058,0.7084,4.4500,37.2509,55.3070,44.6930,2.9921,28.8058,16.4763,21125.0000,1.4738,0.3130,5.2231,15.2293,5.0299,14.1299,0.0602,19.2293,174.9823,234.6347,0.0599,0.1099,1.0778,1.9945,0.6938,3.0278,40.6616,9.5874
0.0800,2.0611,31.6027,0.7601,4.5100,29.0070,62.1630,37.8370,4.3200,31.2728,17.7017,18567.0000,1.3251,0.2897,4.9348,15.3553,4.9937,14.0685,0.0540,19.8764,176.7241,260.4892,0.0587,0.1125,1.0915,1.8508,0.6654,3.0749,41.1415,10.6166
0.1000,2.2173,32.5758,0.7879,4.6200,26.9736,64.1743,35.8257,4.2321,32.5758,17.1401,19223.0000,1.1212,0.2433,4.2231,16.2232,4.2393,13.7726,0.0547,19.4583,163.0291,251.6641,0.0576,0.1194,1.1779,1.7481,0.5366,3.8269,41.3461,12.2836
0.1200,2.2672,36.7597,0.8525,4.7100,20.1737,70.2563,29.7437,4.8600,36.4965,18.7808,17675.0000,1.0657,0.2291,3.6009,17.2740,3.9702,12.6670,0.0554,18.1903,167.9334,228.7704,0.0636,0.1083,1.3637,1.4859,0.4516,4.3509,42.8131,11.8866
0.1400,1.7243,27.5472,0.6319,3.2400,32.3112,58.1246,41.8754,6.3242,27.5472,18.6383,19457.0000,1.7820,0.3783,4.2218,17.0291,5.2121,14.5837,0.0579,18.7726,220.0029,251.9530,0.0896,0.0853,1.1677,2.3080,0.5762,3.2672,43.5957,8.1839
0.1600,1.3751,22.3548,0.6006,3.1200,40.5422,46.6178,53.3822,9.7200,22.0583,18.7154,27112.0000,2.0906,0.4220,6.8360,16.4411,7.0780,17.1117,0.0629,18.8341,224.9618,272.2385,0.0617,0.0837,0.9608,2.8492,0.8720,2.3229,36.7281,8.1851
0.1800,1.0370,18.5604,0.5382,3.0200,49.7836,38.4200,61.5800,8.7764,18.5604,20.8804,28829.0000,2.0120,0.4783,7.1223,14.5592,7.2321,18.1109,0.0678,18.7726,212.0832,266.9765,0.0672,0.0885,0.8039,3.3653,1.0188,2.0131,34.4883,9.0015
0.2000,0.8392,14.8988,0.4643,2.7800,56.7307,31.8493,68.1507,8.6400,14.5762,20.2644,28127.0000,1.7355,0.5352,8.0982,12.2908,7.7366,18.2458,0.0728,18.5619,216.9398,250.7893,0.0661,0.0856,0.6736,3.9296,1.3319,1.5887,31.3931,10.5135
0.2200,1.5471,27.3290,0.8374,3.4500,29.4848,56.8442,43.1558,10.2210,27.3290,20.6084,21002.0000,1.4372,0.4121,8.0029,18.2871,7.0091,14.0291,0.0624,19.2220,198.2983,224.8880,0.0515,0.0969,1.3035,1.6753,0.8434,2.6090,32.6343,9.7614
0.2400,1.8301,30.8657,0.9541,4.2100,19.6699,63.0161,36.9839,13.1040,30.5308,19.4629,19738.0000,0.9270,0.3076,6.5532,21.4984,6.0462,13.2434,0.0435,21.9377,174.5744,304.3745,0.0469,0.1257,1.6233,1.3880,0.6004,3.5557,31.9980,14.2867
0.2600,1.7874,27.9676,0.9549,4.0800,26.5398,57.6132,42.3868,11.7670,27.9676,18.2552,24783.0000,0.9021,0.3129,7.4595,20.2298,6.6527,15.0029,0.0413,22.4837,176.0293,363.3545,0.0419,0.1277,1.3484,1.5712,0.7131,3.0409,29.2898,16.6307
0.2800,1.7167,28.7647,0.9110,4.0200,29.0464,59.3376,40.6624,7.5960,28.3712,19.2815,16009.0000,0.7008,0.3275,8.2166,18.3084,6.8166,14.6203,0.0433,24.9595,128.1763,337.5004,0.0399,0.1947,1.2523,1.6048,0.8390,2.6858,31.1424,20.8613
0.3000,1.5268,30.4401,0.8680,3.7600,30.4101,59.0537,40.9463,6.7762,30.4401,23.2601,15738.0000,0.3238,0.2218,6.5542,12.3483,4.2982,8.0928,0.0370,18.7212,87.2982,218.5526,0.0338,0.2145,1.5258,0.9323,0.8968,2.8729,35.0678,24.9925
0.3200,1.5116,29.7198,0.8230,4.2300,34.2605,58.1975,41.8025,3.3120,29.4401,22.7222,13783.0000,0.2464,0.1756,4.9757,9.5076,3.8948,7.6266,0.0235,15.6629,57.0662,324.0305,0.0353,0.2745,1.2466,0.9266,0.9515,2.4411,35.7705,30.9524
0.3400,1.4921,28.0645,0.6776,5.2700,37.4039,53.8839,46.1161,3.4422,28.0645,21.9429,11223.0000,0.2281,0.2784,5.2294,13.4928,4.3892,8.6948,0.0289,17.0029,59.8273,300.4619,0.0532,0.2842,1.5518,1.2832,0.7335,3.0741,41.4172,38.1185
0.3600,1.4748,29.5565,0.6751,6.2300,30.0971,62.9169,37.0831,0.7560,29.2848,23.1662,14923.0000,0.3402,0.3044,7.8000,15.1934,6.4256,12.4980,0.0408,21.0233,71.2127,306.1426,0.0390,0.2952,1.2157,1.8513,0.9563,2.3645,43.3779,36.7386
0.3800,1.7311,33.8223,0.7473,7.8200,20.9313,70.3504,29.6496,0.8983,33.8223,22.7947,12334.0000,0.4782,0.2763,7.2294,17.2788,6.2291,11.7726,0.0413,19.2203,87.2812,285.1756,0.0382,0.2202,1.4677,1.5754,0.7949,2.7739,45.2608,24.6186
0.4000,1.6583,37.7961,1.3127,8.9200,18.1894,71.6306,28.3694,1.2600,37.4149,26.3224,10334.0000,0.5366,0.2327,5.1942,18.5015,4.8881,10.8459,0.0422,17.7674,157.1006,256.9937,0.0448,0.1131,1.7059,0.8262,0.5575,3.7850,28.5018,20.2136
0.4200,1.7049,36.1107,1.2890,12.3430,14.6892,71.1380,28.8620,1.8298,36.1107,24.7109,14543.0000,0.5839,0.2673,6.5543,19.2288,5.2299,13.4982,0.0473,22.8321,147.2983,285.3857,0.0408,0.1550,1.4245,1.0472,0.6267,3.6767,28.0155,23.1165
0.4400,1.7146,29.8315,0.9426,15.4300,17.6763,62.5557,37.4443,4.3380,29.4264,20.0232,12553.0000,0.7530,0.3126,7.2445,19.6814,6.3498,15.3267,0.0502,24.2147,131.1171,305.4839,0.0431,0.1847,1.2841,1.6260,0.7066,3.0995,31.2192,20.3544
0.4600,1.5876,34.1644,1.1524,16.4500,12.2562,66.6206,33.3794,4.6732,34.1644,25.1069,12665.0000,0.7263,0.3000,7.1003,18.7730,6.1228,15.0928,0.0564,23.0398,128.2873,267.6634,0.0423,0.1796,1.2438,1.3097,0.7203,3.0661,29.6458,20.7798
0.4800,1.6329,34.0621,1.2187,10.2800,8.7145,71.6455,28.3545,9.3600,33.7374,24.1048,11567.0000,0.8126,0.2842,7.1479,18.5422,6.0363,15.9784,0.0613,22.5900,103.3699,260.5893,0.0398,0.2185,1.1605,1.3111,0.7264,3.0718,27.6834,19.6630
0.5000,1.9475,40.7037,1.5400,6.2300,0.2111,86.2918,13.7082,7.2672,40.7037,24.3844,11454.0000,0.8012,0.2191,6.4452,16.5772,4.2929,11.8713,0.0454,18.2871,112.9281,261.5176,0.0340,0.1619,1.3964,0.7708,0.6610,3.8616,26.4302,14.8169
0.5200,1.6962,38.7269,1.5086,11.3300,6.4993,75.5107,24.4893,6.6600,38.4231,26.4280,19334.0000,0.6294,0.1893,4.0754,15.9658,3.8632,10.6953,0.0287,14.7467,68.9606,372.4393,0.0464,0.2138,1.4928,0.7090,0.5091,4.1328,25.4697,16.9924
0.5400,1.7359,37.5106,1.2920,14.5400,8.4685,72.7705,27.2295,4.2210,37.5106,25.2101,15445.0000,0.6421,0.1832,4.2232,15.7827,4.0028,10.2276,0.0253,15.0232,67.2712,404.8738,0.0434,0.2233,1.5431,0.7916,0.5328,3.9429,29.0327,15.9284
0.5600,1.8317,39.9126,1.4469,15.2720,2.2225,76.3855,23.6145,6.1200,39.5743,25.2065,13123.0000,0.5315,0.1858,4.5945,16.6891,4.1406,9.4085,0.0240,16.7262,52.0057,391.5028,0.0404,0.3216,1.7738,0.6503,0.5345,4.0306,27.3519,17.7029
0.5800,1.9154,38.2263,1.3586,14.0293,5.9862,74.5413,25.4587,5.4432,38.2263,23.2837,14009.0000,0.5032,0.2123,5.7664,16.8830,4.7729,10.9281,0.0277,19.2208,68.8212,394.1074,0.0368,0.2793,1.5449,0.8044,0.6368,3.5373,28.1371,21.7160
0.6000,1.7722,35.4480,1.2464,13.0490,12.7922,69.2988,30.7012,4.8600,35.0728,23.0890,16445.0000,0.5815,0.2477,6.2841,16.6323,5.5036,11.1671,0.0315,22.6316,66.8467,354.1592,0.0394,0.3386,1.4894,0.8959,0.7236,3.0221,28.1384,19.2036
0.6200,1.6776,35.4910,1.2653,12.0300,15.9808,69.2074,30.7926,2.7818,35.4910,24.6810,17829.0000,0.8710,0.3288,9.2231,19.8271,7.2298,17.8287,0.0473,34.0987,110.7820,376.9433,0.0357,0.3078,1.1121,1.4090,0.8464,2.7424,28.0486,20.4692
0.6400,1.7256,32.6558,1.2031,14.2300,21.3262,63.7238,36.2762,0.7200,32.3593,21.8775,17023.0000,1.2554,0.4540,11.4397,24.6672,9.9519,20.1871,0.0580,39.0049,118.3038,347.9577,0.0397,0.3297,1.2219,1.6779,0.8856,2.4786,26.8961,16.0801
0.6600,1.6703,28.9879,1.0802,14.3400,28.0976,57.1061,42.8939,0.4563,28.9879,20.2473,23223.0000,1.0029,0.4239,8.7212,20.2081,9.2298,18.8276,0.0549,38.0298,98.2712,342.7676,0.0486,0.3870,1.0733,1.7429,0.9093,2.1894,26.8347,18.7732
0.6800,1.7060,30.0863,1.1529,15.6700,23.9614,59.8286,40.1714,0.5400,29.7895,20.3723,21564.0000,0.8479,0.3216,8.0937,13.8250,6.9834,14.5450,0.0401,25.9858,86.6569,362.9275,0.0397,0.2999,0.9505,1.2616,1.1138,1.9797,25.8379,17.1543
0.7000,1.6745,28.1038,1.1064,14.3300,29.8594,55.0835,44.9165,0.7272,28.1038,19.5808,21784.0000,0.9981,0.3009,7.6787,15.4872,6.2298,13.0983,0.0419,23.2898,89.2871,312.3985,0.0392,0.2608,1.1824,1.1838,0.9175,2.4860,25.4002,13.1232
0.7200,1.5632,35.3855,1.2230,15.6000,15.9830,68.0570,31.9430,0.3600,35.0805,26.1817,18668.0000,0.6276,0.2545,6.2565,16.1102,5.3647,12.3000,0.0425,22.1117,91.9999,289.2919,0.0407,0.2403,1.3098,1.0057,0.7372,3.0030,28.6837,19.5994
0.7400,1.8603,35.9864,1.4066,14.2200,15.5646,69.4537,30.5463,0.7617,35.9864,22.5681,16664.0000,0.7712,0.2763,5.8829,16.8229,5.0098,13.4857,0.0431,19.8288,87.2284,312.9387,0.0470,0.2273,1.2475,0.9587,0.6639,3.3580,25.5840,17.4867
0.7600,1.8440,33.1765,1.3972,13.9280,21.2025,63.5735,36.4265,1.2960,32.8958,20.8124,17005.0000,0.8477,0.2369,5.6661,13.6153,4.8801,14.2106,0.0445,17.9499,81.1655,319.3138,0.0418,0.2212,0.9581,1.0171,0.7920,2.7900,23.5448,16.7647
0.7800,2.0193,31.2694,1.5595,8.2300,30.7225,60.0372,39.9628,1.0103,31.2694,18.0657,20066.0000,0.8221,0.2573,5.8730,14.7287,5.0992,14.2783,0.0473,19.0983,109.8274,301.9420,0.0438,0.1739,1.0315,0.9155,0.7624,2.8884,20.0503,17.3680
0.8000,1.7985,31.7941,1.1487,5.6700,32.2283,61.7417,38.2583,0.3600,31.4662,20.4117,16554.0000,0.7655,0.2793,6.0594,15.7399,5.2975,14.3713,0.0573,20.1833,114.2284,250.9520,0.0461,0.1767,1.0952,1.2511,0.7393,2.9712,27.3927,18.7734
0.8200,1.6566,31.4583,0.8699,8.9820,30.0825,60.7144,39.2856,0.2211,31.4583,22.1550,12112.0000,1.0922,0.2983,6.4503,14.2871,5.4438,13.0829,0.0529,20.0029,101.0283,247.1351,0.0462,0.1980,1.0920,1.5039,0.8534,2.6245,36.1627,11.9785
0.8400,1.4879,22.3884,0.6600,9.1200,46.7107,43.6293,56.3707,0.5400,22.2201,17.4232,17556.0000,1.4242,0.3056,6.7983,12.6079,5.7728,12.6746,0.0469,19.1411,81.4552,270.0783,0.0450,0.2350,0.9947,1.9204,1.0213,2.1840,33.6676,8.8994
0.8600,1.5519,23.1381,0.6610,7.8290,46.1341,45.8134,54.1866,0.2235,23.1381,17.3943,17556.0000,1.2278,0.3291,6.9202,13.2292,6.3498,12.9982,0.0479,19.8278,87.2983,271.4580,0.0476,0.2271,1.0178,1.9664,1.0280,2.0834,35.0031,10.5866
0.8800,1.6162,23.5823,0.6626,5.4820,47.3465,46.4515,53.5485,0.7200,23.3758,16.8736,17445.0000,1.0504,0.3187,7.5935,13.3949,6.2910,13.4742,0.0519,20.4871,77.0780,259.8611,0.0420,0.2658,0.9941,2.0336,1.0603,2.1292,35.2807,12.8281
0.9000,1.6886,23.9526,0.7419,5.6200,47.6889,46.4680,53.5320,0.2231,23.9526,16.5492,20446.0000,1.0092,0.3229,7.8829,15.3873,6.7728,14.7728,0.0524,20.3873,84.2873,281.9389,0.0410,0.2419,1.0416,1.9912,0.9734,2.2719,32.2859,14.6381
0.9200,1.8184,27.4139,0.7795,6.2300,38.9644,53.5096,46.4904,1.2960,27.1240,17.4020,24556.0000,1.0416,0.3305,8.1349,14.8418,6.8668,15.6116,0.0575,21.5774,82.8545,271.4584,0.0406,0.2604,0.9507,2.0027,1.0330,2.1614,34.7960,14.9879
0.9400,1.9545,30.2521,0.7990,7.1200,33.6561,58.9917,41.0083,0.2322,30.2521,18.0580,22432.0000,1.0229,0.3065,8.0229,15.2871,6.4584,14.2872,0.0573,22.0220,97.2871,249.3473,0.0382,0.2264,1.0700,1.7880,0.9673,2.3670,37.8603,13.9673
0.9600,2.1854,34.0035,0.7762,7.4500,24.1278,64.2822,35.7178,4.1400,33.6922,17.9864,19112.0000,1.2190,0.2833,7.5661,17.4108,5.8173,13.5596,0.0595,26.6975,101.3093,228.0115,0.0374,0.2635,1.2840,1.7470,0.7850,2.9929,43.4081,11.1239
0.9800,2.2641,35.2146,0.7027,7.8900,18.6039,66.9078,33.0922,6.5983,35.2146,18.1459,15667.0000,1.3338,0.2534,6.8822,18.0029,5.6278,13.6255,0.0524,24.0592,100.2983,260.0377,0.0368,0.2399,1.3213,1.9391,0.7090,3.1989,50.1162,10.2156
1.0000,2.2616,36.4754,0.6845,7.6700,15.6177,68.6123,31.3877,8.1000,36.2153,18.6819,12556.0000,1.7889,0.2589,6.4172,18.2104,5.4137,13.0011,0.0587,22.8219,99.8571,221.4555,0.0403,0.2285,1.4007,1.8994,0.6639,3.3638,52.9091,7.2676
1.0200,2.1910,36.6585,0.7044,7.3200,16.1963,68.1849,31.8151,8.2988,36.6585,19.5204,16117.0000,1.2209,0.2212,5.7287,20.2298,4.7627,12.0029,0.0648,23.0948,120.3821,185.1240,0.0386,0.1918,1.6854,1.7039,0.5295,4.2476,52.0400,9.8311
1.0400,2.4291,39.5614,0.6738,9.8200,4.1164,73.1036,26.8964,12.9600,39.1516,18.8037,12654.0000,0.8854,0.1990,4.8511,21.8952,4.1388,10.0404,0.0682,24.0215,140.4188,147.1222,0.0410,0.1711,2.1807,1.4902,0.4197,5.2902,58.1077,11.3406
1.0600,2.2770,37.0726,0.5831,8.9200,11.8252,67.4720,32.5280,11.7827,37.0726,18.9946,17445.0000,2.3392,0.1778,4.2238,21.1292,4.0093,11.2717,0.0719,21.0293,137.2983,156.7071,0.0421,0.1532,1.8745,1.9330,0.3981,5.2701,63.5780,4.8186
1.0800,2.1060,39.4606,0.6344,9.2030,3.4483,76.0087,23.9913,11.3400,39.3384,21.7925,12887.0000,3.8929,0.1519,3.9987,21.1803,3.7639,9.1656,0.0775,22.8614,135.2268,118.2269,0.0380,0.1691,2.3108,1.4448,0.3737,5.6273,62.0081,2.3545
1.1000,2.2633,37.9999,0.5286,9.5800,4.3953,73.7198,26.2802,12.3049,37.9999,19.5882,27665.0000,1.9820,0.1990,5.3392,19.9928,5.3473,10.2287,0.0759,25.0293,125.9212,134.7154,0.0373,0.1988,1.9546,1.9349,0.5445,3.7389,71.8816,5.1608
1.1200,2.1943,32.4582,0.4571,9.7600,11.9626,64.9574,35.0426,13.3200,32.0837,17.0586,16554.0000,1.7179,0.2598,6.6756,19.8016,5.1834,12.0423,0.0748,26.1034,127.7893,160.9894,0.0389,0.2043,1.6443,2.6346,0.6120,3.8202,70.1924,7.0098
1.1400,2.0965,30.5825,0.4332,9.0100,22.2887,58.7185,41.2815,9.9829,30.5825,17.0185,18556.0000,1.4452,0.2773,7.8827,19.7827,5.4764,13.8212,0.0703,30.9283,130.2981,196.6080,0.0352,0.2374,1.4313,3.1902,0.6893,3.6124,70.5901,9.5635
1.1600,2.1454,31.0446,0.4302,8.7800,21.9525,61.8875,38.1125,7.3800,30.5884,16.6340,18155.0000,1.1332,0.2900,7.7392,19.2867,5.3894,12.6075,0.0700,31.5836,140.0544,180.1463,0.0375,0.2255,1.5298,2.9307,0.6957,3.5786,71.1058,11.1253
1.1800,2.1639,31.9819,0.4245,8.6200,21.6019,63.3241,36.6759,6.4540,31.9819,17.2431,15334.0000,1.3382,0.2988,8.2219,19.5575,5.2662,12.8830,0.0730,33.0293,142.0382,176.4942,0.0363,0.2325,1.5181,3.0350,0.7049,3.7138,75.3429,9.6271
1.2000,2.0152,29.6929,0.3880,9.2300,16.3065,59.6495,40.3505,14.8140,29.2736,16.9477,12663.0000,1.3747,0.3106,8.7345,19.4042,5.8550,13.4868,0.0739,34.2501,148.7189,182.4448,0.0356,0.2303,1.4388,3.4755,0.7679,3.3141,75.4376,9.8108
1.2200,1.8423,26.9321,0.3455,9.6700,14.3992,54.9415,45.0585,20.9893,26.9321,17.0550,13887.0000,1.0921,0.2787,8.6272,19.7827,6.0298,14.0287,0.0733,33.0299,150.2782,191.3903,0.0323,0.2198,1.4102,4.0606,0.7550,3.2808,77.9557,12.8456
1.2400,1.9488,29.6059,0.3675,9.7800,6.3683,60.9917,39.0083,22.8600,29.2155,17.4905,12553.0000,0.8233,0.2988,8.1461,19.5212,5.5856,12.8324,0.0711,36.6315,157.9565,180.4503,0.0367,0.2319,1.5212,3.4916,0.7187,3.4949,79.4925,15.5865
1.2600,1.6892,25.7227,0.3276,9.2200,25.3190,54.5321,45.4679,10.9289,25.7227,17.7660,10643.0000,1.0299,0.3242,9.2872,17.8827,5.9827,12.5625,0.0703,35.8726,164.0283,178.7143,0.0349,0.2187,1.4235,3.8352,0.8720,2.9891,78.5279,12.1978
1.2800,1.7207,24.7187,0.3178,4.2300,35.2732,52.2168,47.7832,8.2800,24.2450,16.4390,14643.0000,1.0951,0.3682,10.1119,16.4163,6.6807,14.6904,0.0687,36.3448,173.1171,213.6862,0.0364,0.2099,1.1175,4.6230,1.0453,2.4573,76.2981,13.4150
1.3000,1.8026,26.0075,0.3552,4.5700,33.8650,52.5351,47.4649,9.0299,26.0075,16.8326,12554.0000,1.1128,0.4234,12.2202,15.2983,7.2873,17.5443,0.0722,34.9283,170.2983,242.9034,0.0346,0.2051,0.8720,4.9388,1.3028,2.0993,73.2128,15.7659
1.3200,1.4685,19.4836,0.2693,4.8700,44.3429,41.4271,58.5729,9.3600,19.0249,15.1143,15225.0000,1.1925,0.4759,12.9205,14.1724,8.3774,18.0001,0.0835,33.8504,185.0165,215.4575,0.0368,0.1830,0.7873,6.6838,1.5364,1.6917,70.6433,15.0943
1.3400,1.5201,21.9672,0.3641,6.1200,36.2796,46.5705,53.4295,11.0299,21.9672,16.8601,12532.0000,1.0298,0.4573,12.4543,14.0029,8.1183,16.9828,0.0820,31.2293,176.2983,207.0076,0.0367,0.1771,0.8245,4.6640,1.5018,1.7249,60.3286,16.4913
1.3600,1.4547,21.5938,0.3517,5.7800,44.8843,46.6357,53.3643,2.7000,21.2445,17.0378,12664.0000,0.9861,0.4368,12.2099,13.8018,8.2226,17.5239,0.0832,37.0582,174.4046,210.5597,0.0358,0.2125,0.7876,4.9820,1.5121,1.6785,60.3970,17.7708
1.3800,1.5986,29.7522,0.6508,4.7200,37.8107,57.1242,42.8758,0.3451,29.7522,21.7131,18223.0000,0.8721,0.3887,9.3324,15.3938,7.6763,16.8276,0.0824,34.9382,180.2983,204.2589,0.0417,0.1938,0.9148,2.5856,1.1302,2.0054,45.7154,19.2955
1.4000,1.6667,30.7596,0.6751,3.7600,33.7263,61.1997,38.8003,1.3140,30.3805,21.2663,14223.0000,0.8485,0.3328,8.1802,17.8233,6.8493,15.2443,0.0819,28.0651,186.3328,186.0729,0.0407,0.1506,1.1692,2.2581,0.8619,2.6022,45.0009,17.9669
1.4200,1.4195,25.2188,0.5087,4.5870,43.1548,49.9332,50.0668,2.3250,25.2188,20.7271,12445.0000,0.9283,0.4209,12.0928,16.2029,8.7729,18.8827,0.0829,40.2083,180.2873,227.6720,0.0348,0.2230,0.8581,3.7120,1.3138,1.8469,49.5759,20.3412
1.4400,1.3671,22.1469,0.4388,5.3700,45.3809,45.0371,54.9629,4.2120,21.6418,18.4686,12443.0000,1.1531,0.4670,14.5737,15.4907,10.3615,21.4607,0.0840,42.0117,164.2276,255.3946,0.0320,0.2558,0.7218,4.8911,1.6398,1.4950,49.3236,18.6110
1.4600,1.5322,28.1860,0.6045,3.4700,38.6463,56.6539,43.3461,1.2298,28.1860,21.4624,15938.0000,1.2281,0.4339,11.2992,15.3938,11.2877,20.9928,0.0811,31.8727,162.0392,258.8733,0.0384,0.1967,0.7333,3.4730,1.4955,1.3638,46.6303,17.0937
1.4800,1.4587,28.0772,0.6442,4.5870,35.2739,57.4031,42.5969,2.7360,27.7621,22.2048,12089.0000,0.8303,0.3648,9.2494,13.5070,7.2750,17.0366,0.0761,27.4881,114.9807,223.7297,0.0394,0.2391,0.7928,2.6444,1.2504,1.8566,43.0927,20.5196
1.5000,1.5525,29.6272,0.7290,5.2100,36.1187,56.8841,43.1159,1.7872,29.6272,22.2640,10450.0000,0.9982,0.3578,9.2003,13.7728,7.0929,14.7728,0.0743,25.9382,120.3872,198.8980,0.0389,0.2155,0.9323,2.0264,1.2090,1.9418,40.6391,14.7994
1.5200,1.5491,30.8456,0.7031,3.8290,33.8400,60.4770,39.5230,1.8540,30.4647,22.9433,13228.0000,0.9473,0.3552,9.1447,13.4728,7.0964,16.4458,0.0714,30.0904,110.1621,230.2129,0.0388,0.2731,0.8192,2.3389,1.2318,1.8985,43.3264,17.3605
1.5400,1.5532,31.2866,0.7563,4.1200,28.4543,64.1375,35.8625,3.2882,31.2866,23.5003,13556.0000,0.9928,0.3873,10.4532,12.7827,7.0773,14.7266,0.0724,30.2287,121.0212,203.4561,0.0370,0.2498,0.8680,1.9473,1.4017,1.8062,41.3693,14.8333
1.5600,1.2893,25.7833,0.6071,4.2300,40.4569,51.5871,48.4129,3.7260,25.4098,22.9936,10209.0000,0.9443,0.4088,11.2721,12.6803,8.3083,9.7788,0.0743,29.3492,116.1284,131.6556,0.0363,0.2527,1.2967,1.6108,1.5764,1.5262,41.8549,10.3559
1.5800,1.2081,23.3595,0.5364,3.4800,43.9778,49.0550,50.9450,3.4872,23.3595,22.5580,8223.0000,0.9920,0.3430,8.4583,14.2781,8.1287,8.2726,0.0674,28.9281,124.9582,122.7627,0.0405,0.2315,1.7259,1.5422,1.1857,1.7565,43.5482,8.3393
1.6000,1.5982,29.3918,0.5257,4.7800,17.5312,64.9088,35.0912,12.7800,29.0494,21.2058,9982.0000,0.9253,0.2904,7.1630,15.2827,5.2800,12.6298,0.0567,27.1312,122.3278,222.6086,0.0405,0.2218,1.2100,2.4026,0.8332,2.8945,55.2617,13.6499
1.6200,1.1460,17.5620,0.2504,5.7800,44.4345,36.3533,63.6467,13.4322,17.5620,17.8785,13738.0000,0.8721,0.3199,7.2239,14.1292,6.2202,13.4927,0.0562,31.0291,120.7828,240.0441,0.0443,0.2569,1.0472,5.3880,0.9742,2.2715,70.1301,15.4712
1.6400,1.5001,30.5470,0.5152,6.2700,18.1208,62.6492,37.3508,12.9600,30.2079,23.4941,12009.0000,0.7660,0.3096,8.8801,13.8495,6.0597,13.9656,0.0561,34.2210,120.0167,248.8108,0.0349,0.2851,0.9917,2.7107,1.1011,2.2855,58.6321,18.2329
1.6600,1.6481,26.4182,0.4449,6.3400,27.6382,53.6290,46.3710,12.3928,26.4182,18.7008,10223.0000,0.7883,0.2787,7.9838,14.4574,5.4494,12.7627,0.0524,33.0293,116.9230,243.5712,0.0349,0.2825,1.1328,2.8689,0.9484,2.6530,59.3849,16.1903
1.6800,1.4830,31.0611,0.6134,6.1200,15.3362,67.1678,32.8322,11.3760,30.6562,24.1172,9223.0000,0.7641,0.2666,7.3773,14.9513,5.5536,12.7522,0.0505,27.6164,114.8046,252.2854,0.0361,0.2406,1.1724,2.0791,0.8827,2.6922,49.9803,16.6893
1.7000,1.6557,34.3158,0.8028,7.1200,7.9349,72.0631,27.9369,12.8820,34.3158,24.1807,7223.0000,0.7823,0.2330,6.1230,12.8830,4.5928,11.7827,0.0483,26.7746,118.8273,243.9547,0.0381,0.2253,1.0934,1.4678,0.8499,2.8050,42.7466,15.0622
1.7200,1.2800,25.4807,0.5744,5.8900,34.3999,52.4561,47.5439,7.2540,25.1873,22.9567,14334.0000,1.0123,0.2148,5.4462,12.6808,4.4231,11.0221,0.0426,22.1854,94.6776,258.6066,0.0394,0.2343,1.1505,1.9189,0.7952,2.8669,43.8490,10.8878
1.7400,1.5911,34.1785,0.7831,5.2300,14.3662,72.1167,27.8833,8.2871,34.1785,25.0614,8234.0000,1.0220,0.2288,5.2294,15.4982,4.5847,12.3872,0.0459,21.7676,97.8298,269.6493,0.0438,0.2225,1.2511,1.5818,0.6480,3.3804,43.6439,12.1206
1.7600,1.6957,37.2750,0.8563,7.2200,8.2761,71.8679,28.1321,12.6360,37.0175,25.4681,8883.0000,0.7448,0.2318,5.5886,16.7510,4.6851,11.4837,0.0499,24.6658,103.3444,230.3227,0.0415,0.2387,1.4587,1.3411,0.6272,3.5754,43.2307,15.4177
1.7800,1.5879,36.4511,0.9023,6.7700,9.6937,71.4442,28.5558,12.0921,36.4511,26.7821,8339.0000,0.6727,0.2029,5.2293,14.5937,4.2974,12.3873,0.0446,22.3872,97.8291,277.7529,0.0388,0.2288,1.1781,1.3729,0.6667,3.3960,40.3989,18.4143
1.8000,1.3590,38.7333,0.9010,4.3800,12.6917,75.1703,24.8297,7.7580,38.3539,32.9252,9223.0000,0.5098,0.1919,4.5979,13.2443,3.8835,10.9134,0.0415,21.8242,105.9508,262.9295,0.0417,0.2060,1.2136,1.2113,0.6549,3.4104,42.5693,21.4061
1.8200,1.5312,34.9433,0.8348,5.1200,16.3598,69.5373,30.4627,8.9829,34.9433,26.6250,11009.0000,0.5729,0.1988,4.7783,15.2229,4.0828,11.2736,0.0423,22.0009,96.8273,266.4972,0.0416,0.2272,1.3503,1.3505,0.5951,3.7286,41.8583,19.6792
1.8400,1.6074,39.2696,0.8791,5.3400,6.5407,75.3213,24.6787,12.7980,38.9209,28.2484,9223.0000,0.6811,0.1939,4.8743,15.2310,4.1514,10.7156,0.0434,21.9058,94.9625,247.0981,0.0398,0.2307,1.4214,1.2190,0.6053,3.6689,44.2754,15.7333
1.8600,0.8539,43.5129,0.6878,1.6700,0.9519,85.2853,14.7147,12.0928,43.5129,59.4510,8882.0000,0.6231,0.1823,4.2727,12.7827,4.0030,12.3873,0.0402,22.3984,92.0392,307.9576,0.0427,0.2434,1.0319,1.8010,0.6617,3.1933,63.2636,19.8801
1.8800,1.2519,39.9278,0.7652,6.2800,4.6018,77.5442,22.4558,11.5740,39.5792,36.8837,8445.0000,0.5213,0.1784,3.9983,13.3062,3.4733,9.4322,0.0402,23.4960,107.0020,234.5107,0.0446,0.2196,1.4107,1.2327,0.5749,3.8309,51.7270,18.0931
1.9000,1.4579,32.0369,0.4520,5.8800,16.4667,63.4332,36.5668,14.2202,32.0369,25.6379,8553.0000,0.5887,0.1893,4.5942,14.2872,3.7628,10.2998,0.0444,25.4483,106.2983,232.0045,0.0412,0.2394,1.3871,2.2787,0.5982,3.7969,70.8776,17.4951
1.9200,1.1760,40.3482,0.6545,4.4300,6.0371,76.8915,23.1085,12.6414,40.1341,39.8150,8554.0000,1.0025,0.1948,4.8580,16.0858,3.9691,9.8791,0.0474,26.2566,105.9704,208.3298,0.0401,0.2478,1.6283,1.5093,0.5609,4.0527,61.3163,9.8540
1.9400,1.2365,38.9205,0.6855,3.6400,12.5859,72.7813,27.2187,10.9928,38.9205,36.7229,8077.0000,0.7827,0.2003,5.1224,16.2204,4.3298,11.2872,0.0482,22.6635,101.0232,234.0351,0.0391,0.2243,1.4371,1.6467,0.5951,3.7462,56.7801,14.4209
1.9600,1.3999,39.0699,0.7189,4.7800,15.3221,72.2659,27.7341,7.6320,38.6877,32.2427,8554.0000,0.5816,0.2152,5.4397,16.6853,4.6849,12.0760,0.0497,27.7734,103.9339,243.0631,0.0396,0.2672,1.3817,1.6798,0.6197,3.5615,53.8144,20.7631
1.9800,1.3534,39.7284,0.6323,5.4600,14.5443,72.7029,27.2971,7.2928,39.7284,34.2466,8554.0000,0.7827,0.2130,5.5599,17.0298,4.5549,13.2767,0.0472,29.1153,100.2983,281.1602,0.0383,0.2903,1.2827,2.0998,0.6065,3.7388,62.8318,16.9627
2.0000,1.8941,39.4649,1.0140,5.7700,9.2687,73.9453,26.0547,11.0160,39.2547,24.1783,7608.0000,0.8971,0.2212,5.7800,17.3672,4.5365,11.3860,0.0459,32.7017,92.0629,247.9822,0.0383,0.3552,1.5253,1.1229,0.6068,3.8283,38.7134,12.6926
2.0200,1.9289,39.7823,1.1017,2.7600,9.3598,73.5972,26.4028,14.2830,39.7823,24.0621,9077.0000,0.9281,0.2330,6.0291,13.2872,4.7827,12.7729,0.0461,30.2238,97.8392,277.1233,0.0386,0.3089,1.0403,1.1594,0.8312,2.7782,36.1101,13.7621
2.0400,1.5684,42.3660,0.9712,0.5200,15.8427,79.8213,20.1787,3.8160,42.0942,31.3126,9372.0000,0.7291,0.2401,6.1944,15.7838,5.0070,13.0086,0.0471,25.4268,104.7058,276.2197,0.0388,0.2428,1.2133,1.3394,0.7249,3.1524,43.3418,17.8408
2.0600,1.5678,32.6694,0.7900,0.2300,37.6795,61.7452,38.2548,0.3453,32.6694,24.3112,8829.0000,0.8827,0.2130,5.4459,14.2872,4.7827,12.2771,0.0460,27.1127,106.8273,267.0029,0.0391,0.2538,1.1637,1.5541,0.7308,2.9873,41.3557,13.9086
2.0800,1.6601,38.4965,1.0425,0.0000,27.4666,72.5334,27.4666,0.0000,38.2256,26.8634,7112.0000,0.6390,0.2234,5.1932,12.6703,4.6783,12.5911,0.0444,23.0953,100.3180,283.3153,0.0430,0.2302,1.0063,1.2077,0.7967,2.7083,36.6661,19.7033
2.1000,1.2013,35.9528,0.8288,0.0000,32.0492,67.9508,32.0492,0.0000,35.9528,34.9173,8556.0000,0.5732,0.2393,5.2203,12.6276,4.2772,13.7267,0.0479,24.2387,102.9382,286.3986,0.0458,0.2355,0.9199,1.6563,0.7711,2.9523,43.3819,23.9475
2.1200,1.4602,39.3480,0.9286,0.0000,25.8684,74.1316,25.8684,0.0000,39.3480,31.4384,8553.0000,0.6221,0.2493,4.8830,12.0028,4.1120,12.2872,0.0501,22.3472,97.8291,245.2083,0.0511,0.2284,0.9769,1.3232,0.7702,2.9190,42.3737,19.7512
2.1400,1.3490,37.5478,0.8356,0.0000,29.2599,70.7401,29.2599,0.0000,37.5478,32.4738,5445.0000,0.6221,0.2220,6.3428,12.3393,4.6527,12.4473,0.0498,20.2873,93.9238,249.7959,0.0350,0.2160,0.9913,1.4897,0.9091,2.6521,44.9369,20.0085
2.1600,1.2177,35.1938,0.7667,0.0000,30.6695,69.3305,30.6695,0.0000,34.9295,33.4652,5332.0000,0.6767,0.2525,6.6902,12.4062,5.1542,12.6028,0.0526,27.9016,95.9674,239.5080,0.0377,0.2907,0.9844,1.6437,0.9751,2.4070,45.5570,18.6243
2.1800,1.1923,36.9639,0.8087,0.0000,26.7375,73.2625,26.7375,0.0000,36.9639,36.1699,5778.0000,0.8721,0.2224,4.2203,12.3872,4.2282,9.4583,0.0475,22.3732,74.5927,199.1429,0.0527,0.2999,1.3097,1.1696,0.7000,2.9297,45.7099,10.8454
2.2000,1.1271,39.8190,0.8915,0.0000,26.6965,73.3035,26.6965,0.0000,39.6626,41.0560,6280.0000,1.5104,0.2054,3.8695,12.9341,3.3534,8.9163,0.0415,24.5401,69.7659,215.0224,0.0531,0.3517,1.4506,1.0002,0.5743,3.8570,44.4910,5.9034
2.2200,1.0112,39.5940,1.0677,0.0000,25.1674,74.8326,25.1674,0.0000,39.5940,45.6814,6233.0000,1.2716,0.1729,3.4494,12.0291,3.2289,8.6276,0.0423,23.7612,69.0982,203.7706,0.0501,0.3439,1.3943,0.8080,0.5695,3.7254,37.0818,6.7848
2.2400,1.0022,44.2663,1.2730,0.0000,16.6559,83.3441,16.6559,0.0000,44.0925,51.3289,7827.0000,1.2639,0.1447,2.8924,12.0434,2.7695,8.3322,0.0399,23.2778,66.1221,208.6138,0.0500,0.3520,1.4454,0.6545,0.4821,4.3487,34.6368,6.5925
2.2600,1.0259,43.9583,1.3363,0.0000,16.9188,83.0812,16.9188,0.0000,43.9583,49.9885,7092.0000,3.2871,0.1988,3.2208,10.7627,3.0930,8.7728,0.0473,21.0928,68.9873,185.4791,0.0617,0.3057,1.2268,0.6565,0.6051,3.4797,32.8950,2.6689
2.2800,0.9847,44.6695,1.4200,0.0000,18.8439,81.1561,18.8439,0.0000,44.6316,52.8799,24118.0000,6.3061,0.2171,3.6523,10.9588,3.2933,10.3246,0.0626,47.4750,98.3098,165.0420,0.0594,0.4829,1.0614,0.7271,0.6536,3.3276,31.4306,1.6372
2.3000,0.9147,46.7021,1.4929,0.0000,15.4691,84.5309,15.4691,0.0000,46.7021,59.5664,4267.0000,2.4637,0.2009,3.0729,10.5671,3.2763,11.0029,0.0600,32.6382,94.5974,183.2907,0.0654,0.3450,0.9604,0.7370,0.6199,3.2253,31.2821,4.4660
2.3200,0.8871,45.9993,1.2584,0.0000,17.9636,82.0364,17.9636,0.0000,45.9153,60.3821,4980.0000,1.1638,0.1499,3.1802,11.3096,3.2328,9.9632,0.0515,27.2120,87.5866,193.4420,0.0471,0.3107,1.1351,0.7917,0.5803,3.4984,36.4865,8.5606
2.3400,1.0742,43.5439,1.4176,0.0000,22.4918,77.5082,22.4918,0.0000,43.5439,47.2900,5992.0000,1.4492,0.1550,3.1659,11.0928,3.1787,10.3483,0.0520,29.0938,95.8273,198.8594,0.0490,0.3036,1.0719,0.7300,0.5859,3.4897,30.7170,7.1407
2.3600,1.0464,44.6512,1.5534,0.0000,18.3765,81.6235,18.3765,0.0000,44.5777,49.6996,3662.0000,1.7300,0.1624,3.2471,11.8860,3.1259,10.2039,0.0546,32.1497,99.2114,186.7509,0.0500,0.3241,1.1649,0.6569,0.5498,3.8024,28.6966,5.8982
2.3800,0.9183,44.1864,1.2620,0.0000,17.6448,82.3552,17.6448,0.0000,43.8965,55.7706,4228.0000,0.6065,0.1320,2.8560,11.9070,2.7099,9.1007,0.0477,19.4327,101.4576,190.8078,0.0462,0.1915,1.3084,0.7211,0.4785,4.3939,34.7838,15.0057
2.4000,0.8910,44.0356,1.2218,0.0000,17.2131,82.7869,17.2131,0.0000,44.0356,57.6575,4223.0000,0.6239,0.1548,2.9928,12.0919,2.9928,14.5828,0.0524,27.8273,109.8298,278.3888,0.0517,0.2534,0.8292,1.1935,0.5078,4.0403,36.0406,23.3729
2.4200,1.0744,42.5084,1.2160,0.0000,19.6591,80.3409,19.6591,0.0000,42.5084,46.1601,5228.0000,0.6012,0.1742,4.2956,12.3017,3.6901,17.3166,0.0696,24.4295,124.2308,248.9320,0.0406,0.1966,0.7104,1.4241,0.6633,3.3337,34.9589,28.8016
2.4400,1.0322,43.4514,1.1787,0.0000,20.9185,79.0815,20.9185,0.0000,43.4514,49.1111,3112.0000,0.5486,0.1583,3.2678,12.2386,3.3734,10.2724,0.0717,21.5601,102.7344,143.1977,0.0484,0.2099,1.1914,0.8715,0.5556,3.6279,36.8647,18.7247
2.4600,1.3590,41.6255,1.4720,0.0000,22.9929,77.0071,22.9929,0.0000,41.6255,35.7340,3220.0000,0.5883,0.1773,3.7783,12.0029,3.4387,11.4827,0.0709,24.2093,112.3982,161.9148,0.0469,0.2154,1.0453,0.7801,0.6160,3.4905,28.2783,19.5195
2.4800,1.8094,44.1064,1.5008,0.0000,19.7263,80.2737,19.7263,0.0000,44.1064,28.4389,2227.0000,0.8483,0.1839,4.0181,11.9955,3.5925,12.3221,0.0639,25.9840,109.3707,192.8434,0.0458,0.2376,0.9735,0.8211,0.6498,3.3390,29.3895,14.5251
2.5000,1.6030,43.6696,1.3023,0.0000,19.8900,80.1100,19.8900,0.0000,43.1428,31.4000,3273.0000,0.1876,0.1830,4.2626,11.8980,3.4765,11.2576,0.0634,27.3862,114.1255,177.6904,0.0429,0.2400,1.0569,0.8644,0.6658,3.4225,33.1275,60.0207
2.5200,1.6766,39.9572,1.0487,0.0000,25.6796,74.3204,25.6796,0.0000,39.9572,27.8051,3239.0000,0.2473,0.2009,5.0029,10.2617,4.0198,11.2239,0.0600,47.9283,127.2987,186.9747,0.0402,0.3765,0.9143,1.0703,0.8988,2.5528,38.1018,45.3881
2.5400,1.5383,40.3992,0.9041,0.0000,24.4627,75.5373,24.4627,0.0000,39.8593,30.2294,3211.0000,0.8137,0.2279,5.2285,10.4997,4.3873,10.3286,0.0593,50.2256,139.3691,174.1701,0.0436,0.3604,1.0166,1.1424,0.9375,2.3932,44.0880,12.6929
2.5600,1.5799,38.4956,0.9466,0.0000,28.7832,71.2168,28.7832,0.0000,38.4956,28.4265,2227.0000,0.9283,0.2123,5.7729,10.2021,4.6626,11.7262,0.0640,42.9382,117.8829,183.0788,0.0368,0.3642,0.8700,1.2388,1.0437,2.1881,40.6691,12.6319
2.5800,1.5060,39.3078,0.9611,0.0000,27.2176,72.7824,27.2176,0.0000,38.9283,30.1570,4772.0000,1.0206,0.2495,6.1554,11.9636,4.8393,12.4800,0.0703,30.0101,104.0014,177.6395,0.0405,0.2886,0.9586,1.2985,0.9399,2.4722,40.5034,12.2287
2.6000,1.3647,37.2368,1.1196,0.0000,29.6225,70.3775,29.6225,0.0000,37.2368,31.8342,4002.0000,1.0873,0.2130,5.9928,11.2761,4.2240,12.3827,0.0693,22.0093,92.9382,178.7261,0.0355,0.2368,0.9106,1.1060,0.9249,2.6695,33.2591,11.3885
2.6200,1.3331,38.0707,1.0764,0.0000,25.0782,74.9218,25.0782,0.0000,37.7733,33.0572,2289.0000,1.2493,0.2298,4.9419,11.5553,4.0717,12.4452,0.0680,23.2262,88.4337,182.8900,0.0465,0.2626,0.9285,1.1561,0.7999,2.8380,35.0909,9.9617
2.6400,1.2726,33.7614,0.9861,0.0000,38.8918,61.1082,38.8918,0.0000,33.7614,30.9501,2162.0000,0.7728,0.2553,6.4494,11.4726,4.2983,14.8272,0.0830,30.9283,103.8420,178.5335,0.0396,0.2978,0.7738,1.5035,0.9591,2.6691,34.2357,19.1861
2.6600,1.2356,33.2360,1.0366,0.0000,34.7172,65.2828,34.7172,0.0000,32.8459,31.0145,2218.0000,0.4873,0.2825,7.2262,11.6275,5.7517,15.6107,0.0927,32.5440,102.0361,168.3629,0.0391,0.3189,0.7448,1.5060,1.1404,2.0216,31.6863,32.0379
2.6800,1.3391,34.3637,1.1290,0.0000,34.3654,65.6346,34.3654,0.0000,34.3637,29.9389,4118.0000,0.5831,0.3121,7.5560,11.0291,6.0013,14.8272,0.0941,34.9273,112.0833,157.6367,0.0413,0.3116,0.7438,1.3133,1.2575,1.8378,30.4362,25.4282
2.7000,1.3272,34.0482,1.0462,0.0000,35.2472,64.7528,35.2472,0.0000,33.8158,29.7261,2662.0000,0.4974,0.3086,7.9202,12.0992,6.2382,16.0195,0.0935,36.5674,119.6616,171.3194,0.0390,0.3056,0.7553,1.5312,1.1957,1.9395,32.3222,32.2045
2.7200,1.2806,34.0783,0.8845,0.0000,34.9104,65.0896,34.9104,0.0000,34.0783,31.0462,4228.0000,0.4872,0.2783,7.0292,11.7281,6.0772,13.4928,0.0973,34.9283,111.4328,138.6963,0.0396,0.3134,0.8692,1.5255,1.1412,1.9299,38.5278,27.6946
2.7400,1.2847,35.4725,1.1453,0.0000,31.8939,68.1061,31.8939,0.0000,35.3290,32.0829,2887.0000,0.3397,0.2599,6.9168,11.9731,5.3615,17.0993,0.0985,32.9039,103.7615,173.6227,0.0376,0.3171,0.7002,1.4931,1.0472,2.2332,30.8481,50.3312
2.7600,1.2934,35.8183,1.3040,0.0000,31.2288,68.7712,31.2288,0.0000,35.8183,32.3080,3331.0000,0.4231,0.2602,7.3303,11.0092,5.4439,16.2032,0.0970,30.1130,97.8298,166.9919,0.0355,0.3078,0.6794,1.2426,1.1840,2.0223,27.4689,38.2946
2.7800,1.3261,34.4562,1.2114,0.0000,33.5619,66.4381,33.5619,0.0000,34.1265,30.0234,3229.0000,0.4895,0.2582,7.6473,11.2821,5.5693,16.6806,0.0966,29.4113,100.6248,172.7387,0.0338,0.2923,0.6764,1.3770,1.1944,2.0258,28.1722,34.0756
2.8000,1.2582,33.7604,1.1438,0.0000,33.4920,66.5080,33.4920,0.0000,33.7604,31.3044,3887.0000,0.4982,0.2644,7.2202,11.6276,5.2729,16.8827,0.0912,28.3984,97.8273,185.0767,0.0366,0.2903,0.6887,1.4760,1.0972,2.2052,29.5151,33.8874
2.8200,1.2399,34.7478,1.0582,0.0000,32.3427,67.6573,32.3427,0.0000,34.3974,32.3662,3227.0000,0.4831,0.2809,7.1418,11.6326,5.4532,15.2864,0.0920,27.7301,95.9775,166.0762,0.0393,0.2889,0.7610,1.4445,1.1069,2.1332,32.5048,31.6421
2.8400,1.2431,33.8829,0.9727,0.0000,34.9449,65.0551,34.9449,0.0000,33.8829,31.8002,3662.0000,0.4981,0.3003,7.5405,11.0093,5.5594,15.4042,0.0930,27.7781,99.8298,165.5491,0.0398,0.2783,0.7147,1.5836,1.2172,1.9803,34.8323,30.9253
2.8600,1.1495,32.8647,0.9374,0.0000,35.4514,64.5486,35.4514,0.0000,32.5525,33.0396,3442.0000,0.4792,0.3138,7.3394,11.8608,5.6504,15.4473,0.0932,26.4666,100.1877,165.7838,0.0428,0.2642,0.7678,1.6478,1.1217,2.0991,34.7252,32.2354
2.8800,1.1193,33.4544,0.9871,0.0000,34.0949,65.9051,34.0949,0.0000,33.4544,34.8713,3271.0000,0.4562,0.3229,8.1221,10.2871,5.8983,14.5873,0.0959,25.3762,102.3082,152.0644,0.0398,0.2480,0.7052,1.4778,1.3943,1.7441,33.8928,31.9756
2.9000,1.0049,32.2711,0.7183,0.0000,29.7345,62.8675,37.1325,7.3980,31.8173,36.9410,3631.0000,0.4382,0.3965,8.7800,11.5532,6.2419,14.9337,0.0979,29.0153,99.1103,152.4834,0.0452,0.2928,0.7736,2.0792,1.3346,1.8509,44.2984,34.0823
2.9200,0.9793,31.7521,0.6173,0.0000,33.7577,60.9641,39.0359,5.2782,31.7521,37.8275,3123.0000,0.4198,0.3873,8.2283,11.8713,6.2198,14.5994,0.1023,25.9273,98.2873,142.6986,0.0471,0.2638,0.8131,2.3649,1.2497,1.9086,51.4352,34.7753
2.9400,0.9481,33.1079,0.6789,0.0000,34.6231,61.3449,38.6551,4.0320,32.7115,40.2515,5772.0000,0.4283,0.3980,8.0151,11.1879,6.2084,15.1724,0.1076,24.9741,96.2043,140.9692,0.0497,0.2596,0.7374,2.2348,1.3069,1.8021,48.1829,35.4269
2.9600,0.8635,34.8418,0.7226,0.0000,33.6958,65.8510,34.1490,0.4532,34.8418,47.0725,3009.0000,0.4210,0.4003,8.2294,12.0029,6.4594,15.3982,0.1022,22.3823,94.9582,150.6664,0.0486,0.2357,0.7795,2.1311,1.2571,1.8582,48.2202,36.5736
2.9800,0.8551,33.7582,0.5820,0.0000,35.0525,64.9475,35.0525,0.0000,33.3778,45.5384,3223.0000,0.4054,0.3469,8.8599,11.5171,6.3066,14.5704,0.0964,29.8572,90.0286,151.0727,0.0392,0.3316,0.7904,2.5034,1.3470,1.8262,57.3480,35.9369
3.0000,0.9616,33.9155,0.6582,0.0000,33.1864,66.8136,33.1864,0.0000,33.9155,41.1503,3771.0000,0.4109,0.3009,7.1120,12.2392,6.2193,14.5982,0.0988,27.8281,92.9385,147.7144,0.0423,0.2994,0.8384,2.2178,1.1138,1.9679,51.5256,35.5250
3.0200,1.0066,35.3638,0.6948,0.0000,22.3844,66.5096,33.4904,11.1060,34.9743,40.5353,1185.0000,0.3826,0.2977,6.9925,12.4933,5.4225,14.3548,0.1082,24.9177,97.0813,132.6295,0.0426,0.2567,0.8703,2.0661,1.0175,2.3040,50.3400,37.5212
3.0400,1.0662,36.3750,0.7811,0.0000,30.4886,68.7487,31.2513,0.7627,36.3750,39.8015,2875.0000,0.3982,0.2783,5.8728,12.0398,5.2091,13.7827,0.1020,21.9283,104.9273,135.0719,0.0474,0.2090,0.8735,1.7644,0.9436,2.3113,46.5667,34.6109
3.0600,1.1341,38.2068,1.2152,0.0000,26.7222,73.2778,26.7222,0.0000,37.7533,38.8386,2393.0000,0.4779,0.2451,5.9202,13.2848,4.5398,12.1007,0.1014,24.0057,103.2813,119.3677,0.0414,0.2324,1.0979,0.9958,0.8058,2.9263,31.0683,25.3220
3.0800,1.3262,38.4221,1.3973,0.0000,25.8453,74.1547,25.8453,0.0000,38.4221,33.7997,4235.0000,0.4239,0.2900,6.7827,10.8730,5.0291,12.3348,0.1000,23.0211,105.9273,123.3447,0.0428,0.2173,0.8815,0.8828,1.1130,2.1620,27.4983,29.0971
3.1000,1.2872,34.0478,0.8448,0.0000,30.8312,66.9548,33.0452,2.2140,33.6747,30.5213,2237.0000,0.5640,0.3028,6.3757,12.7466,4.9624,12.7056,0.0979,25.2189,115.6429,129.7904,0.0475,0.2181,1.0032,1.5039,0.9133,2.5686,39.8596,22.5267
3.1200,1.4430,34.4354,0.9344,0.0000,30.0611,67.1491,32.8509,2.7898,34.4354,27.8419,1827.0000,0.5394,0.3122,7.2210,12.7617,5.3773,13.4938,0.0998,26.7728,112.3982,135.1773,0.0432,0.2382,0.9457,1.4441,1.0117,2.3733,36.8534,25.0164
3.1400,1.4356,34.6756,0.7841,0.0000,31.8050,65.3870,34.6130,2.8080,34.3468,27.9121,2008.0000,0.5376,0.3229,7.3135,12.4885,5.5365,13.5505,0.1094,28.0574,109.6331,123.8749,0.0442,0.2559,0.9216,1.7281,1.0548,2.2556,43.8030,25.2043
3.1600,1.4501,33.7113,0.8606,0.0000,37.0898,61.0174,38.9826,1.8928,33.7113,27.1224,2008.0000,0.5003,0.3222,7.2827,12.7627,5.2292,14.5928,0.1180,28.2983,103.9483,123.6861,0.0442,0.2722,0.8746,1.6957,1.0056,2.4407,39.1721,29.1687
3.1800,1.4116,32.9386,0.7979,0.0000,33.8632,64.6608,35.3392,1.4760,32.5799,26.9276,3228.0000,0.4939,0.3313,7.4779,12.1554,5.6289,14.0116,0.1162,28.0089,107.3545,120.5421,0.0443,0.2609,0.8675,1.7560,1.1055,2.1594,40.8306,28.3713
3.2000,1.3672,33.3263,0.7948,0.0000,34.1089,65.6528,34.3472,0.2383,33.3263,28.4377,3534.0000,0.5103,0.3650,8.4503,12.7261,5.8828,13.7827,0.1189,30.4458,119.2883,115.8911,0.0432,0.2552,0.9233,1.7342,1.1550,2.1633,41.9322,27.0101
3.2200,1.3199,30.5865,0.7406,0.0000,38.4272,61.5728,38.4272,0.0000,30.1582,26.6564,4334.0000,0.5094,0.3794,8.6287,11.6803,6.2905,15.4904,0.1211,31.0554,116.7480,127.9490,0.0440,0.2660,0.7540,2.0917,1.3098,1.8568,40.7232,30.4104
3.2400,1.3784,33.6627,0.8513,0.0000,32.0014,67.9986,32.0014,0.0000,33.6627,28.4914,2338.0000,0.5123,0.3443,8.0029,11.2393,6.0287,15.4928,0.1203,30.4582,114.5982,128.7867,0.0430,0.2658,0.7255,1.8198,1.2791,1.8643,39.5416,30.2417
3.2600,1.3243,29.6847,0.8717,0.0000,38.4099,61.5901,38.4099,0.0000,29.2440,25.7622,2002.0000,0.5645,0.3519,8.3159,11.5116,5.9915,15.9845,0.1245,29.1080,113.1119,128.3481,0.0423,0.2573,0.7202,1.8337,1.2734,1.9213,33.5486,28.3152
3.2800,1.3704,31.0059,0.8374,0.0000,36.7480,63.2520,36.7480,0.0000,31.0059,26.3962,3339.0000,0.5224,0.3223,7.9929,11.0029,5.7727,15.4588,0.1252,32.0182,127.8392,123.4644,0.0403,0.2505,0.7118,1.8459,1.2804,1.9060,37.0244,29.5924
3.3000,1.3287,31.4797,0.9691,0.0000,37.8793,62.1207,37.8793,0.0000,31.0635,27.2752,3738.0000,0.4808,0.3345,7.7750,11.0775,5.6003,15.8805,0.1216,27.5443,107.2601,130.5784,0.0430,0.2568,0.6976,1.6387,1.2376,1.9780,32.0547,33.0320
3.3200,1.3520,30.1935,0.8365,0.0000,42.0285,57.9715,42.0285,0.0000,30.1935,26.0546,3127.0000,0.4782,0.3209,7.9982,11.0291,5.9728,15.2387,0.1222,34.2983,103.4982,124.7027,0.0401,0.3314,0.7238,1.8216,1.2958,1.8466,36.0933,31.8661
3.3400,1.3528,31.4715,0.8384,0.0000,37.5738,62.4262,37.5738,0.0000,31.1118,26.8312,3772.0000,0.4564,0.3342,7.8629,11.3424,5.7862,15.4316,0.1359,27.2281,109.7798,113.5209,0.0425,0.2480,0.7350,1.8405,1.2328,1.9603,37.1070,33.8081
3.3600,1.3634,30.5630,0.8270,0.0000,41.5551,58.4449,41.5551,0.0000,30.5630,26.1533,4002.0000,0.4783,0.3340,8.2239,11.2782,5.8993,16.2283,0.1362,28.9281,102.3872,119.1259,0.0406,0.2825,0.6950,1.9624,1.2819,1.9118,36.9576,33.9313
3.3800,1.3742,32.2761,0.7885,0.0000,38.6661,61.3339,38.6661,0.0000,31.9044,27.0855,4772.0000,0.4852,0.3593,8.8470,11.0988,6.2800,16.2490,0.1363,31.6628,114.8863,119.1820,0.0406,0.2756,0.6830,2.0608,1.3953,1.7673,40.4641,33.4891
3.4000,1.3554,30.9061,0.7394,0.0000,41.0311,58.9689,41.0311,0.0000,30.9061,26.6032,4008.0000,0.4887,0.3570,8.5586,11.0291,6.1103,16.0229,0.1342,30.2983,104.2873,119.3885,0.0417,0.2905,0.6883,2.1670,1.3624,1.8050,41.7983,32.7855
3.4200,1.3219,30.6240,0.7155,0.0000,39.9870,60.0130,39.9870,0.0000,30.1993,26.6533,4127.0000,0.4724,0.3684,7.8308,11.0632,6.1592,15.5881,0.1323,25.7984,112.0056,117.8636,0.0470,0.2303,0.7097,2.1786,1.2978,1.7962,42.2062,32.9946
3.4400,1.2837,31.1072,0.6990,0.0000,39.0299,60.9701,39.0299,0.0000,31.1072,28.2710,6238.0000,0.4774,0.3776,8.3489,11.2229,6.7002,15.2392,0.1360,27.8892,110.9723,112.0299,0.0452,0.2513,0.7364,2.1800,1.3746,1.6750,44.5001,31.9226
3.4600,1.2277,31.1725,0.6051,0.0000,38.8584,61.1416,38.8584,0.0000,30.7814,29.2509,7221.0000,0.9707,0.3859,9.4908,11.2632,6.7274,16.4982,0.1385,32.8821,108.0669,119.1444,0.0407,0.3043,0.6827,2.7264,1.4742,1.6742,50.8678,16.9956
3.4800,1.2442,27.9356,0.5355,0.0000,46.6430,53.3570,46.6430,0.0000,27.9356,26.1958,10829.0000,0.6847,0.3993,9.7728,11.0729,6.9901,17.2932,0.1440,30.4497,107.8273,120.1062,0.0409,0.2824,0.6403,3.2295,1.5499,1.5841,52.1691,25.2566
3.5000,1.2104,27.6482,0.4848,0.0000,45.2725,54.7275,45.2725,0.0000,27.2624,26.2782,8665.0000,0.4560,0.4201,9.2795,11.0372,7.1726,17.0606,0.1510,29.1223,116.1940,112.9606,0.0453,0.2506,0.6469,3.5194,1.5287,1.5388,56.2388,37.4114
3.5200,1.1934,26.7075,0.4889,0.0000,48.7217,51.2783,48.7217,0.0000,26.7075,26.1096,12236.0000,0.4421,0.4009,9.0291,11.7282,7.0993,17.8829,0.1500,27.8728,112.9382,119.2172,0.0444,0.2468,0.6558,3.6575,1.4094,1.6520,54.6229,40.4499
3.5400,1.1631,25.5010,0.5165,0.0000,48.0758,51.9242,48.0758,0.0000,25.1323,25.2091,12273.0000,0.4054,0.4463,10.3528,11.9200,7.8166,18.9873,0.1522,34.2252,119.0334,124.7544,0.0431,0.2875,0.6278,3.6765,1.5617,1.5250,48.6631,46.8320
3.5600,1.1143,25.2023,0.4810,0.0000,48.5873,51.4127,48.5873,0.0000,25.2023,26.3875,11321.0000,0.4283,0.4233,10.2291,11.2625,7.8228,19.2283,0.1500,31.9283,120.8273,128.1633,0.0414,0.2642,0.5857,3.9974,1.6404,1.4397,52.3929,44.8945
3.5800,1.1238,24.7892,0.5294,0.0000,50.1087,49.8913,50.1087,0.0000,24.4237,25.3556,12992.0000,0.4649,0.4908,9.9541,11.3563,7.7940,20.6954,0.1616,32.0054,127.2876,128.0532,0.0493,0.2514,0.5487,3.9094,1.6061,1.4571,46.1364,44.5176
3.6000,1.1348,25.2092,0.5453,0.0000,48.8757,51.1243,48.8757,0.0000,25.2092,25.9165,11321.0000,0.4872,0.4883,9.7287,11.2029,7.7663,21.2982,0.1574,30.2987,121.0982,135.3288,0.0502,0.2502,0.5260,3.9059,1.6052,1.4425,46.2319,43.7155
3.6200,1.1328,24.2292,0.5240,0.0000,50.8390,49.1610,50.8390,0.0000,24.2292,24.9540,11772.0000,0.4869,0.4877,9.2004,11.4749,7.9214,21.2928,0.1722,31.7416,122.7374,123.6474,0.0530,0.2586,0.5389,4.0635,1.5346,1.4486,46.2391,43.7293
3.6400,1.1129,24.7878,0.5498,0.0000,49.7303,50.2697,49.7303,0.0000,24.7878,25.9859,10772.0000,0.4773,0.4983,9.5698,11.0298,8.1288,22.3221,0.1841,32.9283,123.4082,121.2593,0.0521,0.2668,0.4941,4.0598,1.6498,1.3569,45.0828,46.7694
3.6600,1.1233,25.2098,0.5009,0.0000,48.9753,51.0247,48.9753,0.0000,25.2098,26.1831,11772.0000,0.4345,0.5071,9.6017,11.2714,8.2628,21.9537,0.1901,31.9567,129.1035,115.4876,0.0528,0.2475,0.5134,4.3826,1.6299,1.3641,50.3262,50.5297
3.6800,1.2278,26.2087,0.5789,0.0000,46.8225,53.1775,46.8225,0.0000,26.2087,24.9036,12443.0000,0.5872,0.5003,9.7284,11.2541,8.3655,22.8232,0.1873,35.2882,127.8273,121.8547,0.0514,0.2761,0.4931,3.9427,1.6522,1.3453,45.2751,38.8679
3.7000,0.9698,25.2085,0.4082,0.0000,48.0532,51.9468,48.0532,0.0000,24.8022,29.8365,14221.0000,0.6118,0.5012,9.8137,11.9876,7.6435,20.2425,0.1631,34.3751,129.5318,124.1075,0.0511,0.2654,0.5922,4.9595,1.4981,1.5683,60.7664,33.0868
3.7200,0.8699,20.8090,0.2215,0.0000,58.0698,41.9302,58.0698,0.0000,20.8090,27.9088,18338.0000,0.6092,0.5123,10.2348,11.2981,7.9929,23.9221,0.1673,40.2981,137.8273,143.0037,0.0501,0.2924,0.4723,10.8003,1.6587,1.4135,93.9479,39.2681
3.7400,0.8568,21.0807,0.3077,0.0000,57.8829,42.1171,57.8829,0.0000,20.7380,28.2381,15002.0000,0.8088,0.5638,12.2153,11.8833,9.0095,24.3526,0.2510,42.6586,143.9504,97.0284,0.0462,0.2963,0.4880,7.9154,1.8336,1.3190,67.4054,30.1102
3.7600,0.8986,23.8401,0.2576,0.0000,53.0351,46.9649,53.0351,0.0000,23.8401,30.9505,12342.0000,0.8273,0.5440,13.2204,11.2662,9.1183,24.9278,0.2304,41.9282,140.9283,108.1945,0.0412,0.2975,0.4520,9.6778,2.0311,1.2356,92.5550,30.1312
3.7800,0.9596,22.5544,0.2375,0.0000,55.2190,44.7810,55.2190,0.0000,22.1999,26.9896,12228.0000,0.7410,0.5319,11.9306,11.5489,8.5906,22.8564,0.2465,43.3101,147.2817,92.7333,0.0446,0.2941,0.5053,9.6255,1.8230,1.3444,93.4907,30.8440
3.8000,0.9813,22.6544,0.2663,0.0000,55.8238,44.1762,55.8238,0.0000,22.6544,26.9344,10332.0000,0.7266,0.5220,11.8829,11.2091,8.7763,23.4928,0.2480,40.2983,141.9283,94.7180,0.0439,0.2839,0.4771,8.8234,1.8896,1.2772,85.0852,32.3326
3.8200,1.0041,22.5483,0.2793,0.0000,54.9441,45.0559,54.9441,0.0000,22.1469,25.7321,8002.0000,0.6907,0.4891,11.0640,11.5667,8.5465,22.8141,0.2368,38.2047,152.0872,96.3349,0.0442,0.2512,0.5070,8.1688,1.7377,1.3534,79.2993,33.0287
3.8400,0.9714,22.0069,0.2431,0.0000,56.0522,43.9478,56.0522,0.0000,22.0069,26.4295,10332.0000,0.6773,0.5009,11.1487,11.0291,8.3763,21.3985,0.2419,35.6873,150.2981,88.4495,0.0449,0.2374,0.5154,8.8010,1.8157,1.3167,90.5120,31.5957
3.8600,1.0065,23.3346,0.2500,0.0000,54.5161,45.4839,54.5161,0.0000,22.9168,26.5625,12221.0000,0.6911,0.5009,11.2422,11.1271,8.2753,22.4858,0.2476,40.2183,146.4287,90.8125,0.0446,0.2747,0.4948,8.9938,1.7991,1.3446,91.6625,32.5376
3.8800,1.0339,23.7819,0.2774,0.0000,53.8390,45.7088,54.2912,0.4522,23.7819,26.8364,11228.0000,0.6722,0.5129,11.2281,11.7266,8.0719,23.0498,0.2489,40.9822,147.9283,92.5963,0.0457,0.2770,0.5088,8.3091,1.6896,1.4528,85.7304,34.2901
3.9000,1.0390,24.0918,0.3017,0.0000,50.9072,48.1568,51.8432,0.9360,23.7086,26.6211,13442.0000,0.6215,0.4915,10.2292,12.2370,7.7817,22.0582,0.2490,36.1292,147.2899,88.5900,0.0481,0.2453,0.5548,7.3122,1.5120,1.5725,78.5926,35.4902
3.9200,1.0188,24.0738,0.2945,0.0000,50.6409,47.5698,52.4302,1.7893,24.0738,27.5684,12230.0000,0.6129,0.4873,11.0728,13.7287,7.9983,23.0928,0.2424,34.9283,145.7281,95.2743,0.0440,0.2397,0.5945,7.8424,1.4246,1.7165,81.7554,37.6779
3.9400,1.0111,24.5143,0.3138,0.0000,48.0892,48.8148,51.1852,3.0960,24.1290,27.8425,17443.0000,0.6209,0.4998,11.1470,14.6153,8.2804,22.0558,0.2403,39.5466,143.9906,91.7662,0.0448,0.2746,0.6627,7.0288,1.3635,1.7650,76.8953,35.5237
3.9600,1.0204,25.6168,0.3509,0.0000,49.3484,46.8788,53.1212,3.7728,25.6168,29.2897,21334.0000,0.6122,0.4449,7.8728,14.9282,8.0993,21.7829,0.2388,30.3984,140.9283,91.2077,0.0565,0.2157,0.6853,6.2085,1.0997,1.8431,73.0128,35.5808
3.9800,1.1519,26.9802,0.4654,0.0000,40.8933,51.5467,48.4533,7.5600,26.5730,26.9127,23332.0000,0.6154,0.4261,5.7754,14.0983,7.0272,20.4936,0.2350,33.4361,141.4990,87.2196,0.0738,0.2363,0.6879,4.4035,0.9383,2.0063,57.0976,33.3012
4.0000,1.1878,27.2878,0.5130,0.0000,47.6636,49.6638,50.3362,2.6726,27.2878,26.8020,21221.0000,0.6620,0.4239,5.5685,14.0298,7.0019,21.0281,0.2228,32.2821,148.8723,94.3679,0.0761,0.2168,0.6672,4.0993,0.9262,2.0037,53.1956,31.7645
4.0200,1.1719,27.7400,0.5005,0.0000,45.1606,50.5422,49.4578,4.2972,27.7400,27.6171,20223.0000,0.6778,0.3783,6.2292,12.0928,6.7276,19.8728,0.2189,34.9533,137.8273,90.7962,0.0607,0.2536,0.6085,3.9710,1.1027,1.7975,55.4298,29.3191
4.0400,1.1563,26.2656,0.4878,0.0000,43.8499,50.1673,49.8327,5.9828,26.2656,26.5020,21553.0000,0.7283,0.3592,6.5049,10.2292,6.2338,19.4583,0.2102,27.8298,132.0283,92.5666,0.0552,0.2108,0.5257,3.9888,1.2805,1.6409,53.8419,26.7167
4.0600,0.8628,19.3025,0.3250,0.0000,49.3045,40.9755,59.0245,9.7200,18.9934,25.6823,20775.0000,0.7334,0.3475,6.8975,8.8133,6.0855,19.7040,0.2083,24.9525,130.2016,94.5774,0.0504,0.1916,0.4473,6.0629,1.5126,1.4482,58.4421,26.8675
4.0800,0.8229,19.8727,0.3423,0.0000,49.2070,44.5149,55.4851,6.2782,19.8727,28.1740,20553.0000,0.7029,0.3783,7.8273,7.9282,6.0484,22.3982,0.2093,20.2983,134.9283,107.0210,0.0483,0.1504,0.3540,6.5432,1.7979,1.3108,58.0544,31.8650
4.1000,0.6514,10.6120,0.1916,0.0000,72.5526,23.6647,76.3353,3.7827,10.6120,19.0054,27887.0000,0.7121,0.4234,8.2983,10.2081,6.2383,24.9283,0.2229,31.9283,157.9230,111.8169,0.0510,0.2022,0.4095,13.0111,1.4655,1.6364,55.3880,35.0068
4.1200,0.6262,10.4767,0.1767,0.0000,69.0883,25.2489,74.7511,5.6628,10.4767,19.5200,22552.0000,0.6773,0.4121,10.2201,12.6726,8.0299,22.3982,0.2583,34.0582,147.8273,86.7227,0.0403,0.2304,0.5658,12.6746,1.4726,1.5782,59.2853,33.0708
4.1400,0.6633,10.7432,0.1505,0.0000,64.2159,27.6841,72.3159,8.1000,10.4398,18.3637,20505.0000,0.6388,0.4896,10.1330,15.7420,9.2361,26.4589,0.2646,37.2984,160.4094,100.0142,0.0483,0.2325,0.5950,17.5777,1.2615,1.7044,69.3557,41.4187
4.1600,0.6545,10.2788,0.1566,0.0000,65.5051,25.2858,74.7142,9.2091,10.2788,18.3219,18221.0000,0.6712,0.4294,9.9973,12.8762,9.0298,24.5972,0.2588,34.2987,160.3947,95.0334,0.0429,0.2138,0.5235,15.7058,1.5110,1.4260,65.6321,36.6466
4.1800,0.6347,10.3498,0.1567,0.0000,68.1354,24.6326,75.3674,7.2320,10.3498,19.0253,21009.0000,0.6091,0.4873,10.0029,14.0293,9.3729,25.0492,0.2601,36.9273,160.8273,96.2951,0.0487,0.2296,0.5601,15.9838,1.4158,1.4968,66.0419,41.1263
4.2000,0.6240,10.2881,0.1210,0.0000,56.1768,25.8232,74.1768,18.0000,10.2881,19.2358,22123.0000,0.6342,0.4991,10.1103,15.6627,9.2218,26.5643,0.2609,37.3340,158.9283,101.8055,0.0494,0.2349,0.5896,21.9574,1.2661,1.6984,85.0391,41.8850
